Disaster Type,Year,Code,Total Deaths,Global CO2 Emissions,Anomaly
All disasters,1960,0.0,997729,64213.591,0.0
All disasters excluding earthquakes,1960,0.0,977798,64213.591,0.0
All disasters excluding extreme temperature,1960,0.0,997729,64213.591,0.0
Drought,1960,0.0,0,64213.591,0.0
Earthquake,1960,0.0,19931,64213.591,0.0
Extreme weather,1960,0.0,9164,64213.591,0.0
Flood,1960,0.0,968582,64213.591,0.0
Volcanic activity,1960,0.0,0,64213.591,0.0
Wet mass movement,1960,0.0,52,64213.591,0.0
All disasters,1961,0.0,576437,64650.174,0.08
All disasters excluding earthquakes,1961,0.0,576337,64650.174,0.08
All disasters excluding extreme temperature,1961,0.0,576037,64650.174,0.08
Drought,1961,0.0,0,64650.174,0.08
Earthquake,1961,0.0,100,64650.174,0.08
Extreme temperature,1961,0.0,400,64650.174,0.08
Extreme weather,1961,0.0,12852,64650.174,0.08
Flood,1961,0.0,562919,64650.174,0.08
Wet mass movement,1961,0.0,166,64650.174,0.08
All disasters,1962,0.0,17239,67124.201,0.05
All disasters excluding earthquakes,1962,0.0,5161,67124.201,0.05
All disasters excluding extreme temperature,1962,0.0,17189,67124.201,0.05
Dry mass movement,1962,0.0,2000,67124.201,0.05
Earthquake,1962,0.0,12078,67124.201,0.05
Extreme temperature,1962,0.0,50,67124.201,0.05
Extreme weather,1962,0.0,1860,67124.201,0.05
Flood,1962,0.0,1180,67124.201,0.05
Wet mass movement,1962,0.0,71,67124.201,0.05
All disasters,1963,0.0,36431,70809.193,0.03
All disasters excluding earthquakes,1963,0.0,35046,70809.193,0.03
All disasters excluding extreme temperature,1963,0.0,36269,70809.193,0.03
Drought,1963,0.0,0,70809.193,0.03
Dry mass movement,1963,0.0,150,70809.193,0.03
Earthquake,1963,0.0,1385,70809.193,0.03
Extreme temperature,1963,0.0,162,70809.193,0.03
Extreme weather,1963,0.0,29965,70809.193,0.03
Flood,1963,0.0,1031,70809.193,0.03
Volcanic activity,1963,0.0,1705,70809.193,0.03
Wet mass movement,1963,0.0,2033,70809.193,0.03
All disasters,1964,0.0,12275,74628.806,0.0
All disasters excluding earthquakes,1964,0.0,11940,74628.806,0.0
All disasters excluding extreme temperature,1964,0.0,12275,74628.806,0.0
Drought,1964,0.0,50,74628.806,0.0
Earthquake,1964,0.0,335,74628.806,0.0
Extreme weather,1964,0.0,10655,74628.806,0.0
Flood,1964,0.0,1123,74628.806,0.0
Volcanic activity,1964,0.0,4,74628.806,0.0
Wet mass movement,1964,0.0,108,74628.806,0.0
All disasters,1965,0.0,564713,77892.564,-0.15
All disasters excluding earthquakes,1965,0.0,564018,77892.564,-0.15
All disasters excluding extreme temperature,1965,0.0,564613,77892.564,-0.15
Drought,1965,0.0,502000,77892.564,-0.15
Earthquake,1965,0.0,695,77892.564,-0.15
Extreme temperature,1965,0.0,100,77892.564,-0.15
Extreme weather,1965,0.0,59932,77892.564,-0.15
Flood,1965,0.0,1401,77892.564,-0.15
Volcanic activity,1965,0.0,355,77892.564,-0.15
Wet mass movement,1965,0.0,230,77892.564,-0.15
Wildfire,1965,0.0,0,77892.564,-0.15
All disasters,1966,0.0,517018,81547.026,-0.05
All disasters excluding earthquakes,1966,0.0,514229,81547.026,-0.05
All disasters excluding extreme temperature,1966,0.0,516756,81547.026,-0.05
Drought,1966,0.0,508000,81547.026,-0.05
Earthquake,1966,0.0,2789,81547.026,-0.05
Extreme temperature,1966,0.0,262,81547.026,-0.05
Extreme weather,1966,0.0,2327,81547.026,-0.05
Flood,1966,0.0,1923,81547.026,-0.05
Volcanic activity,1966,0.0,1088,81547.026,-0.05
Wet mass movement,1966,0.0,604,81547.026,-0.05
Wildfire,1966,0.0,25,81547.026,-0.05
All disasters,1967,0.0,506507,84078.069,-0.01
All disasters excluding earthquakes,1967,0.0,505552,84078.069,-0.01
All disasters excluding extreme temperature,1967,0.0,506507,84078.069,-0.01
Drought,1967,0.0,500199,84078.069,-0.01
Earthquake,1967,0.0,955,84078.069,-0.01
Extreme weather,1967,0.0,2255,84078.069,-0.01
Flood,1967,0.0,2446,84078.069,-0.01
Wet mass movement,1967,0.0,590,84078.069,-0.01
Wildfire,1967,0.0,62,84078.069,-0.01
All disasters,1968,0.0,22196,88658.222,-0.01
All disasters excluding earthquakes,1968,0.0,10625,88658.222,-0.01
All disasters excluding extreme temperature,1968,0.0,22043,88658.222,-0.01
Drought,1968,0.0,199,88658.222,-0.01
Earthquake,1968,0.0,11571,88658.222,-0.01
Extreme temperature,1968,0.0,153,88658.222,-0.01
Extreme weather,1968,0.0,1669,88658.222,-0.01
Flood,1968,0.0,7306,88658.222,-0.01
Volcanic activity,1968,0.0,90,88658.222,-0.01
Wet mass movement,1968,0.0,1196,88658.222,-0.01
Wildfire,1968,0.0,12,88658.222,-0.01
All disasters,1969,0.0,8396,94499.756,0.0
All disasters excluding earthquakes,1969,0.0,5016,94499.756,0.0
All disasters excluding extreme temperature,1969,0.0,8396,94499.756,0.0
Drought,1969,0.0,202,94499.756,0.0
Earthquake,1969,0.0,3380,94499.756,0.0
Extreme weather,1969,0.0,3252,94499.756,0.0
Flood,1969,0.0,1544,94499.756,0.0
Volcanic activity,1969,0.0,0,94499.756,0.0
Wet mass movement,1969,0.0,18,94499.756,0.0
Wildfire,1969,0.0,0,94499.756,0.0
All disasters,1970,0.0,386150,102053.726,0.12
All disasters excluding earthquakes,1970,0.0,307969,102053.726,0.12
All disasters excluding extreme temperature,1970,0.0,386150,102053.726,0.12
Drought,1970,0.0,0,102053.726,0.12
Earthquake,1970,0.0,78181,102053.726,0.12
Extreme weather,1970,0.0,304495,102053.726,0.12
Flood,1970,0.0,3246,102053.726,0.12
Wet mass movement,1970,0.0,228,102053.726,0.12
Wildfire,1970,0.0,0,102053.726,0.12
All disasters,1971,0.0,15774,106208.91,-0.03
All disasters excluding earthquakes,1971,0.0,14666,106208.91,-0.03
All disasters excluding extreme temperature,1971,0.0,15374,106208.91,-0.03
Drought,1971,0.0,0,106208.91,-0.03
Earthquake,1971,0.0,1108,106208.91,-0.03
Extreme temperature,1971,0.0,400,106208.91,-0.03
Extreme weather,1971,0.0,10811,106208.91,-0.03
Flood,1971,0.0,2404,106208.91,-0.03
Volcanic activity,1971,0.0,0,106208.91,-0.03
Wet mass movement,1971,0.0,1051,106208.91,-0.03
All disasters,1972,0.0,20023,110993.888,-0.04
All disasters excluding earthquakes,1972,0.0,4840,110993.888,-0.04
All disasters excluding extreme temperature,1972,0.0,19913,110993.888,-0.04
Drought,1972,0.0,0,110993.888,-0.04
Earthquake,1972,0.0,15183,110993.888,-0.04
Extreme temperature,1972,0.0,110,110993.888,-0.04
Extreme weather,1972,0.0,1427,110993.888,-0.04
Flood,1972,0.0,2548,110993.888,-0.04
Wet mass movement,1972,0.0,755,110993.888,-0.04
All disasters,1973,0.0,12257,116828.091,0.2
All disasters excluding earthquakes,1973,0.0,11666,116828.091,0.2
All disasters excluding extreme temperature,1973,0.0,11974,116828.091,0.2
Drought,1973,0.0,1669,116828.091,0.2
Earthquake,1973,0.0,591,116828.091,0.2
Extreme temperature,1973,0.0,283,116828.091,0.2
Extreme weather,1973,0.0,4344,116828.091,0.2
Flood,1973,0.0,1829,116828.091,0.2
Volcanic activity,1973,0.0,0,116828.091,0.2
Wet mass movement,1973,0.0,3541,116828.091,0.2
Wildfire,1973,0.0,0,116828.091,0.2
All disasters,1974,0.0,87458,116620.367,0.03
All disasters excluding earthquakes,1974,0.0,62629,116620.367,0.03
All disasters excluding extreme temperature,1974,0.0,87458,116620.367,0.03
Drought,1974,0.0,20427,116620.367,0.03
Earthquake,1974,0.0,24829,116620.367,0.03
Extreme weather,1974,0.0,11861,116620.367,0.03
Flood,1974,0.0,29437,116620.367,0.03
Wet mass movement,1974,0.0,904,116620.367,0.03
All disasters,1975,0.0,55614,117119.698,0.03
All disasters excluding earthquakes,1975,0.0,50982,117119.698,0.03
All disasters excluding extreme temperature,1975,0.0,55474,117119.698,0.03
Drought,1975,0.0,28756,117119.698,0.03
Earthquake,1975,0.0,4632,117119.698,0.03
Extreme temperature,1975,0.0,140,117119.698,0.03
Extreme weather,1975,0.0,1041,117119.698,0.03
Flood,1975,0.0,20848,117119.698,0.03
Volcanic activity,1975,0.0,2,117119.698,0.03
Wet mass movement,1975,0.0,195,117119.698,0.03
All disasters,1976,0.0,308866,123723.807,-0.07
All disasters excluding earthquakes,1976,0.0,31861,123723.807,-0.07
All disasters excluding extreme temperature,1976,0.0,308866,123723.807,-0.07
Drought,1976,0.0,28782,123723.807,-0.07
Earthquake,1976,0.0,277005,123723.807,-0.07
Extreme weather,1976,0.0,1763,123723.807,-0.07
Flood,1976,0.0,960,123723.807,-0.07
Volcanic activity,1976,0.0,41,123723.807,-0.07
Wet mass movement,1976,0.0,315,123723.807,-0.07
Wildfire,1976,0.0,0,123723.807,-0.07
All disasters,1977,0.0,40877,126982.436,0.09
All disasters excluding earthquakes,1977,0.0,37779,126982.436,0.09
All disasters excluding extreme temperature,1977,0.0,40877,126982.436,0.09
Drought,1977,0.0,19655,126982.436,0.09
Earthquake,1977,0.0,3098,126982.436,0.09
Extreme temperature,1977,0.0,0,126982.436,0.09
Extreme weather,1977,0.0,15298,126982.436,0.09
Flood,1977,0.0,2568,126982.436,0.09
Volcanic activity,1977,0.0,215,126982.436,0.09
Wet mass movement,1977,0.0,40,126982.436,0.09
Wildfire,1977,0.0,3,126982.436,0.09
All disasters,1978,0.0,54747,130895.743,0.16
All disasters excluding earthquakes,1978,0.0,29585,130895.743,0.16
All disasters excluding extreme temperature,1978,0.0,54597,130895.743,0.16
Drought,1978,0.0,19774,130895.743,0.16
Earthquake,1978,0.0,25162,130895.743,0.16
Extreme temperature,1978,0.0,150,130895.743,0.16
Extreme weather,1978,0.0,3676,130895.743,0.16
Flood,1978,0.0,5897,130895.743,0.16
Volcanic activity,1978,0.0,0,130895.743,0.16
Wet mass movement,1978,0.0,86,130895.743,0.16
Wildfire,1978,0.0,2,130895.743,0.16
All disasters,1979,0.0,6829,134658.442,0.09
All disasters excluding earthquakes,1979,0.0,4755,134658.442,0.09
All disasters excluding extreme temperature,1979,0.0,6359,134658.442,0.09
Drought,1979,0.0,18,134658.442,0.09
Earthquake,1979,0.0,2074,134658.442,0.09
Extreme temperature,1979,0.0,470,134658.442,0.09
Extreme weather,1979,0.0,2623,134658.442,0.09
Flood,1979,0.0,1038,134658.442,0.09
Volcanic activity,1979,0.0,268,134658.442,0.09
Wet mass movement,1979,0.0,338,134658.442,0.09
Wildfire,1979,0.0,0,134658.442,0.09
All disasters,1980,0.0,21313,134028.41,0.32
All disasters excluding earthquakes,1980,0.0,13674,134028.41,0.32
All disasters excluding extreme temperature,1980,0.0,19924,134028.41,0.32
Drought,1980,0.0,0,134028.41,0.32
Dry mass movement,1980,0.0,50,134028.41,0.32
Earthquake,1980,0.0,7639,134028.41,0.32
Extreme temperature,1980,0.0,1389,134028.41,0.32
Extreme weather,1980,0.0,1379,134028.41,0.32
Flood,1980,0.0,10466,134028.41,0.32
Volcanic activity,1980,0.0,90,134028.41,0.32
Wet mass movement,1980,0.0,300,134028.41,0.32
Wildfire,1980,0.0,0,134028.41,0.32
All disasters,1981,0.0,34082,130774.158,0.32
All disasters excluding earthquakes,1981,0.0,30103,130774.158,0.32
All disasters excluding extreme temperature,1981,0.0,33782,130774.158,0.32
Drought,1981,0.0,20109,130774.158,0.32
Earthquake,1981,0.0,3979,130774.158,0.32
Extreme temperature,1981,0.0,300,130774.158,0.32
Extreme weather,1981,0.0,3790,130774.158,0.32
Flood,1981,0.0,5283,130774.158,0.32
Volcanic activity,1981,0.0,192,130774.158,0.32
Wet mass movement,1981,0.0,421,130774.158,0.32
Wildfire,1981,0.0,8,130774.158,0.32
All disasters,1982,0.0,31593,129917.155,0.24
All disasters excluding earthquakes,1982,0.0,29410,129917.155,0.24
All disasters excluding extreme temperature,1982,0.0,31193,129917.155,0.24
Drought,1982,0.0,20988,129917.155,0.24
Dry mass movement,1982,0.0,46,129917.155,0.24
Earthquake,1982,0.0,2183,129917.155,0.24
Extreme temperature,1982,0.0,400,129917.155,0.24
Extreme weather,1982,0.0,2782,129917.155,0.24
Flood,1982,0.0,4409,129917.155,0.24
Volcanic activity,1982,0.0,130,129917.155,0.24
Wet mass movement,1982,0.0,653,129917.155,0.24
Wildfire,1982,0.0,2,129917.155,0.24
All disasters,1983,0.0,192666,130738.059,0.29
All disasters excluding earthquakes,1983,0.0,190372,130738.059,0.29
All disasters excluding extreme temperature,1983,0.0,192461,130738.059,0.29
Drought,1983,0.0,182525,130738.059,0.29
Dry mass movement,1983,0.0,457,130738.059,0.29
Earthquake,1983,0.0,2294,130738.059,0.29
Extreme temperature,1983,0.0,205,130738.059,0.29
Extreme weather,1983,0.0,3590,130738.059,0.29
Flood,1983,0.0,2321,130738.059,0.29
Volcanic activity,1983,0.0,0,130738.059,0.29
Wet mass movement,1983,0.0,1168,130738.059,0.29
Wildfire,1983,0.0,106,130738.059,0.29
All disasters,1984,0.0,263563,134909.06,0.29
All disasters excluding earthquakes,1984,0.0,263503,134909.06,0.29
All disasters excluding extreme temperature,1984,0.0,263273,134909.06,0.29
Drought,1984,0.0,255067,134909.06,0.29
Earthquake,1984,0.0,60,134909.06,0.29
Extreme temperature,1984,0.0,290,134909.06,0.29
Extreme weather,1984,0.0,4934,134909.06,0.29
Flood,1984,0.0,2930,134909.06,0.29
Volcanic activity,1984,0.0,37,134909.06,0.29
Wet mass movement,1984,0.0,228,134909.06,0.29
Wildfire,1984,0.0,17,134909.06,0.29
All disasters,1985,0.0,129718,139622.058,0.16
All disasters excluding earthquakes,1985,0.0,119866,139622.058,0.16
All disasters excluding extreme temperature,1985,0.0,129262,139622.058,0.16
Drought,1985,0.0,75341,139622.058,0.16
Dry mass movement,1985,0.0,300,139622.058,0.16
Earthquake,1985,0.0,9852,139622.058,0.16
Extreme temperature,1985,0.0,456,139622.058,0.16
Extreme weather,1985,0.0,17165,139622.058,0.16
Flood,1985,0.0,4376,139622.058,0.16
Volcanic activity,1985,0.0,21800,139622.058,0.16
Wet mass movement,1985,0.0,377,139622.058,0.16
Wildfire,1985,0.0,51,139622.058,0.16
All disasters,1986,0.0,7303,141422.505,0.21
All disasters excluding earthquakes,1986,0.0,6122,141422.505,0.21
All disasters excluding extreme temperature,1986,0.0,7253,141422.505,0.21
Drought,1986,0.0,84,141422.505,0.21
Earthquake,1986,0.0,1181,141422.505,0.21
Extreme temperature,1986,0.0,50,141422.505,0.21
Extreme weather,1986,0.0,1939,141422.505,0.21
Flood,1986,0.0,1782,141422.505,0.21
Volcanic activity,1986,0.0,1746,141422.505,0.21
Wet mass movement,1986,0.0,501,141422.505,0.21
Wildfire,1986,0.0,20,141422.505,0.21
All disasters,1987,0.0,18932,144860.551,0.23
All disasters excluding earthquakes,1987,0.0,13781,144860.551,0.23
All disasters excluding extreme temperature,1987,0.0,17712,144860.551,0.23
Drought,1987,0.0,1317,144860.551,0.23
Dry mass movement,1987,0.0,131,144860.551,0.23
Earthquake,1987,0.0,5151,144860.551,0.23
Extreme temperature,1987,0.0,1220,144860.551,0.23
Extreme weather,1987,0.0,2900,144860.551,0.23
Flood,1987,0.0,6766,144860.551,0.23
Volcanic activity,1987,0.0,0,144860.551,0.23
Wet mass movement,1987,0.0,1256,144860.551,0.23
Wildfire,1987,0.0,191,144860.551,0.23
All disasters,1988,0.0,42069,150134.679,0.42
All disasters excluding earthquakes,1988,0.0,15030,150134.679,0.42
All disasters excluding extreme temperature,1988,0.0,41425,150134.679,0.42
Drought,1988,0.0,1431,150134.679,0.42
Dry mass movement,1988,0.0,157,150134.679,0.42
Earthquake,1988,0.0,27039,150134.679,0.42
Extreme temperature,1988,0.0,644,150134.679,0.42
Extreme weather,1988,0.0,3335,150134.679,0.42
Flood,1988,0.0,8504,150134.679,0.42
Volcanic activity,1988,0.0,7,150134.679,0.42
Wet mass movement,1988,0.0,952,150134.679,0.42
All disasters,1989,0.0,10789,151956.291,0.3
All disasters excluding earthquakes,1989,0.0,10139,151956.291,0.3
All disasters excluding extreme temperature,1989,0.0,10408,151956.291,0.3
Drought,1989,0.0,279,151956.291,0.3
Dry mass movement,1989,0.0,55,151956.291,0.3
Earthquake,1989,0.0,650,151956.291,0.3
Extreme temperature,1989,0.0,381,151956.291,0.3
Extreme weather,1989,0.0,4262,151956.291,0.3
Flood,1989,0.0,4716,151956.291,0.3
Volcanic activity,1989,0.0,0,151956.291,0.3
Wet mass movement,1989,0.0,445,151956.291,0.3
Wildfire,1989,0.0,1,151956.291,0.3
All disasters,1990,0.0,50963,154811.927,0.4
All disasters excluding earthquakes,1990,0.0,8118,154811.927,0.4
All disasters excluding extreme temperature,1990,0.0,49984,154811.927,0.4
Drought,1990,0.0,42,154811.927,0.4
Dry mass movement,1990,0.0,73,154811.927,0.4
Earthquake,1990,0.0,42845,154811.927,0.4
Extreme temperature,1990,0.0,979,154811.927,0.4
Extreme weather,1990,0.0,4604,154811.927,0.4
Flood,1990,0.0,2246,154811.927,0.4
Volcanic activity,1990,0.0,33,154811.927,0.4
Wet mass movement,1990,0.0,141,154811.927,0.4
Wildfire,1990,0.0,0,154811.927,0.4
All disasters,1991,0.0,158987,157735.427,0.41
All disasters excluding earthquakes,1991,0.0,156533,157735.427,0.41
All disasters excluding extreme temperature,1991,0.0,158230,157735.427,0.41
Drought,1991,0.0,2042,157735.427,0.41
Dry mass movement,1991,0.0,86,157735.427,0.41
Earthquake,1991,0.0,2454,157735.427,0.41
Extreme temperature,1991,0.0,757,157735.427,0.41
Extreme weather,1991,0.0,146297,157735.427,0.41
Flood,1991,0.0,5850,157735.427,0.41
Volcanic activity,1991,0.0,683,157735.427,0.41
Wet mass movement,1991,0.0,728,157735.427,0.41
Wildfire,1991,0.0,90,157735.427,0.41
All disasters,1992,0.0,12280,152130.362,0.4
All disasters excluding earthquakes,1992,0.0,8247,152130.362,0.4
All disasters excluding extreme temperature,1992,0.0,11814,152130.362,0.4
Drought,1992,0.0,43,152130.362,0.4
Dry mass movement,1992,0.0,323,152130.362,0.4
Earthquake,1992,0.0,4033,152130.362,0.4
Extreme temperature,1992,0.0,466,152130.362,0.4
Extreme weather,1992,0.0,1344,152130.362,0.4
Flood,1992,0.0,5236,152130.362,0.4
Volcanic activity,1992,0.0,1,152130.362,0.4
Wet mass movement,1992,0.0,712,152130.362,0.4
Wildfire,1992,0.0,122,152130.362,0.4
All disasters,1993,0.0,21170,153050.727,0.22
All disasters excluding earthquakes,1993,0.0,11082,153050.727,0.22
All disasters excluding extreme temperature,1993,0.0,21064,153050.727,0.22
Drought,1993,0.0,0,153050.727,0.22
Dry mass movement,1993,0.0,106,153050.727,0.22
Earthquake,1993,0.0,10088,153050.727,0.22
Extreme temperature,1993,0.0,106,153050.727,0.22
Extreme weather,1993,0.0,2965,153050.727,0.22
Flood,1993,0.0,6150,153050.727,0.22
Volcanic activity,1993,0.0,99,153050.727,0.22
Wet mass movement,1993,0.0,1653,153050.727,0.22
Wildfire,1993,0.0,3,153050.727,0.22
All disasters,1994,0.0,13085,153807.581,0.24
All disasters excluding earthquakes,1994,0.0,11843,153807.581,0.24
All disasters excluding extreme temperature,1994,0.0,12744,153807.581,0.24
Drought,1994,0.0,0,153807.581,0.24
Earthquake,1994,0.0,1242,153807.581,0.24
Extreme temperature,1994,0.0,341,153807.581,0.24
Extreme weather,1994,0.0,4239,153807.581,0.24
Flood,1994,0.0,6771,153807.581,0.24
Volcanic activity,1994,0.0,101,153807.581,0.24
Wet mass movement,1994,0.0,307,153807.581,0.24
Wildfire,1994,0.0,84,153807.581,0.24
All disasters,1995,0.0,22676,156583.345,0.44
All disasters excluding earthquakes,1995,0.0,14937,156583.345,0.44
All disasters excluding extreme temperature,1995,0.0,20946,156583.345,0.44
Drought,1995,0.0,0,156583.345,0.44
Earthquake,1995,0.0,7739,156583.345,0.44
Extreme temperature,1995,0.0,1730,156583.345,0.44
Extreme weather,1995,0.0,3763,156583.345,0.44
Flood,1995,0.0,7894,156583.345,0.44
Volcanic activity,1995,0.0,0,156583.345,0.44
Wet mass movement,1995,0.0,1521,156583.345,0.44
Wildfire,1995,0.0,29,156583.345,0.44
All disasters,1996,0.0,14751,160990.208,0.41
All disasters excluding earthquakes,1996,0.0,14175,160990.208,0.41
All disasters excluding extreme temperature,1996,0.0,14451,160990.208,0.41
Drought,1996,0.0,0,160990.208,0.41
Earthquake,1996,0.0,576,160990.208,0.41
Extreme temperature,1996,0.0,300,160990.208,0.41
Extreme weather,1996,0.0,4581,160990.208,0.41
Flood,1996,0.0,8090,160990.208,0.41
Volcanic activity,1996,0.0,4,160990.208,0.41
Wet mass movement,1996,0.0,1155,160990.208,0.41
Wildfire,1996,0.0,45,160990.208,0.41
All disasters,1997,0.0,18732,161436.815,0.36
All disasters excluding earthquakes,1997,0.0,15673,161436.815,0.36
All disasters excluding extreme temperature,1997,0.0,18128,161436.815,0.36
Drought,1997,0.0,687,161436.815,0.36
Earthquake,1997,0.0,3059,161436.815,0.36
Extreme temperature,1997,0.0,604,161436.815,0.36
Extreme weather,1997,0.0,5674,161436.815,0.36
Flood,1997,0.0,7588,161436.815,0.36
Volcanic activity,1997,0.0,53,161436.815,0.36
Wet mass movement,1997,0.0,801,161436.815,0.36
Wildfire,1997,0.0,266,161436.815,0.36
All disasters,1998,0.0,50368,160737.447,0.62
All disasters excluding earthquakes,1998,0.0,40795,160737.447,0.62
All disasters excluding extreme temperature,1998,0.0,47099,160737.447,0.62
Drought,1998,0.0,65,160737.447,0.62
Earthquake,1998,0.0,9573,160737.447,0.62
Extreme temperature,1998,0.0,3269,160737.447,0.62
Extreme weather,1998,0.0,25411,160737.447,0.62
Flood,1998,0.0,10759,160737.447,0.62
Volcanic activity,1998,0.0,0,160737.447,0.62
Wet mass movement,1998,0.0,1141,160737.447,0.62
Wildfire,1998,0.0,150,160737.447,0.62
All disasters,1999,0.0,70261,163714.99599999998,0.53
All disasters excluding earthquakes,1999,0.0,48392,163714.99599999998,0.53
All disasters excluding extreme temperature,1999,0.0,69490,163714.99599999998,0.53
Drought,1999,0.0,27,163714.99599999998,0.53
Earthquake,1999,0.0,21869,163714.99599999998,0.53
Extreme temperature,1999,0.0,771,163714.99599999998,0.53
Extreme weather,1999,0.0,12270,163714.99599999998,0.53
Flood,1999,0.0,34809,163714.99599999998,0.53
Volcanic activity,1999,0.0,0,163714.99599999998,0.53
Wet mass movement,1999,0.0,445,163714.99599999998,0.53
Wildfire,1999,0.0,70,163714.99599999998,0.53
All disasters,2000,0.0,9727,167972.619,0.43
All disasters excluding earthquakes,2000,0.0,9510,167972.619,0.43
All disasters excluding extreme temperature,2000,0.0,8793,167972.619,0.43
Drought,2000,0.0,142,167972.619,0.43
Dry mass movement,2000,0.0,11,167972.619,0.43
Earthquake,2000,0.0,217,167972.619,0.43
Extreme temperature,2000,0.0,934,167972.619,0.43
Extreme weather,2000,0.0,1365,167972.619,0.43
Flood,2000,0.0,5999,167972.619,0.43
Volcanic activity,2000,0.0,0,167972.619,0.43
Wet mass movement,2000,0.0,1012,167972.619,0.43
Wildfire,2000,0.0,47,167972.619,0.43
All disasters,2001,0.0,31039,169372.638,0.43
All disasters excluding earthquakes,2001,0.0,9691,169372.638,0.43
All disasters excluding extreme temperature,2001,0.0,29305,169372.638,0.43
Drought,2001,0.0,252,169372.638,0.43
Earthquake,2001,0.0,21348,169372.638,0.43
Extreme temperature,2001,0.0,1734,169372.638,0.43
Extreme weather,2001,0.0,1911,169372.638,0.43
Flood,2001,0.0,4975,169372.638,0.43
Volcanic activity,2001,0.0,0,169372.638,0.43
Wet mass movement,2001,0.0,786,169372.638,0.43
Wildfire,2001,0.0,33,169372.638,0.43
All disasters,2002,0.0,12157,172799.903,0.62
All disasters excluding earthquakes,2002,0.0,10518,172799.903,0.62
All disasters excluding extreme temperature,2002,0.0,9235,172799.903,0.62
Drought,2002,0.0,671,172799.903,0.62
Dry mass movement,2002,0.0,60,172799.903,0.62
Earthquake,2002,0.0,1639,172799.903,0.62
Extreme temperature,2002,0.0,2922,172799.903,0.62
Extreme weather,2002,0.0,1380,172799.903,0.62
Flood,2002,0.0,4179,172799.903,0.62
Volcanic activity,2002,0.0,200,172799.903,0.62
Wet mass movement,2002,0.0,1100,172799.903,0.62
Wildfire,2002,0.0,6,172799.903,0.62
All disasters,2003,0.0,109915,181647.4,0.6
All disasters excluding earthquakes,2003,0.0,80298,181647.4,0.6
All disasters excluding extreme temperature,2003,0.0,35106,181647.4,0.6
Drought,2003,0.0,45,181647.4,0.6
Earthquake,2003,0.0,29617,181647.4,0.6
Extreme temperature,2003,0.0,74809,181647.4,0.6
Extreme weather,2003,0.0,1051,181647.4,0.6
Flood,2003,0.0,3730,181647.4,0.6
Volcanic activity,2003,0.0,0,181647.4,0.6
Wet mass movement,2003,0.0,616,181647.4,0.6
Wildfire,2003,0.0,47,181647.4,0.6
All disasters,2004,0.0,242186,187467.368,0.62
All disasters excluding earthquakes,2004,0.0,14896,187467.368,0.62
All disasters excluding extreme temperature,2004,0.0,241542,187467.368,0.62
Drought,2004,0.0,80,187467.368,0.62
Dry mass movement,2004,0.0,44,187467.368,0.62
Earthquake,2004,0.0,227290,187467.368,0.62
Extreme temperature,2004,0.0,644,187467.368,0.62
Extreme weather,2004,0.0,6547,187467.368,0.62
Flood,2004,0.0,7162,187467.368,0.62
Volcanic activity,2004,0.0,2,187467.368,0.62
Wet mass movement,2004,0.0,403,187467.368,0.62
Wildfire,2004,0.0,14,187467.368,0.62
All disasters,2005,0.0,89215,193289.338,0.6
All disasters excluding earthquakes,2005,0.0,12974,193289.338,0.6
All disasters excluding extreme temperature,2005,0.0,87946,193289.338,0.6
Drought,2005,0.0,114,193289.338,0.6
Earthquake,2005,0.0,76241,193289.338,0.6
Extreme temperature,2005,0.0,1269,193289.338,0.6
Extreme weather,2005,0.0,5233,193289.338,0.6
Flood,2005,0.0,5649,193289.338,0.6
Volcanic activity,2005,0.0,3,193289.338,0.6
Wet mass movement,2005,0.0,664,193289.338,0.6
Wildfire,2005,0.0,42,193289.338,0.6
All disasters,2006,0.0,23865,199521.244,0.67
All disasters excluding earthquakes,2006,0.0,17173,199521.244,0.67
All disasters excluding extreme temperature,2006,0.0,18758,199521.244,0.67
Drought,2006,0.0,169,199521.244,0.67
Dry mass movement,2006,0.0,11,199521.244,0.67
Earthquake,2006,0.0,6692,199521.244,0.67
Extreme temperature,2006,0.0,5107,199521.244,0.67
Extreme weather,2006,0.0,4347,199521.244,0.67
Flood,2006,0.0,5868,199521.244,0.67
Volcanic activity,2006,0.0,5,199521.244,0.67
Wet mass movement,2006,0.0,1638,199521.244,0.67
Wildfire,2006,0.0,28,199521.244,0.67
All disasters,2007,0.0,16839,204710.396,0.71
All disasters excluding earthquakes,2007,0.0,16059,204710.396,0.71
All disasters excluding extreme temperature,2007,0.0,15813,204710.396,0.71
Drought,2007,0.0,0,204710.396,0.71
Earthquake,2007,0.0,780,204710.396,0.71
Extreme temperature,2007,0.0,1026,204710.396,0.71
Extreme weather,2007,0.0,6013,204710.396,0.71
Flood,2007,0.0,8590,204710.396,0.71
Volcanic activity,2007,0.0,11,204710.396,0.71
Wet mass movement,2007,0.0,271,204710.396,0.71
Wildfire,2007,0.0,148,204710.396,0.71
All disasters,2008,0.0,235369,207879.922,0.53
All disasters excluding earthquakes,2008,0.0,147451,207879.922,0.53
All disasters excluding extreme temperature,2008,0.0,233666,207879.922,0.53
Drought,2008,0.0,5,207879.922,0.53
Dry mass movement,2008,0.0,120,207879.922,0.53
Earthquake,2008,0.0,87918,207879.922,0.53
Extreme temperature,2008,0.0,1703,207879.922,0.53
Extreme weather,2008,0.0,140985,207879.922,0.53
Flood,2008,0.0,4032,207879.922,0.53
Volcanic activity,2008,0.0,16,207879.922,0.53
Wet mass movement,2008,0.0,504,207879.922,0.53
Wildfire,2008,0.0,86,207879.922,0.53
All disasters,2009,0.0,10813,203698.609,0.6
All disasters excluding earthquakes,2009,0.0,8920,203698.609,0.6
All disasters excluding extreme temperature,2009,0.0,9583,203698.609,0.6
Drought,2009,0.0,3,203698.609,0.6
Dry mass movement,2009,0.0,36,203698.609,0.6
Earthquake,2009,0.0,1893,203698.609,0.6
Extreme temperature,2009,0.0,1230,203698.609,0.6
Extreme weather,2009,0.0,3287,203698.609,0.6
Flood,2009,0.0,3523,203698.609,0.6
Volcanic activity,2009,0.0,0,203698.609,0.6
Wet mass movement,2009,0.0,651,203698.609,0.6
Wildfire,2009,0.0,190,203698.609,0.6
All disasters,2010,0.0,307735,215151.807,0.77
All disasters excluding earthquakes,2010,0.0,81002,215151.807,0.77
All disasters excluding extreme temperature,2010,0.0,250564,215151.807,0.77
Drought,2010,0.0,10000,215151.807,0.77
Earthquake,2010,0.0,226733,215151.807,0.77
Extreme temperature,2010,0.0,57171,215151.807,0.77
Extreme weather,2010,0.0,1543,215151.807,0.77
Flood,2010,0.0,8300,215151.807,0.77
Volcanic activity,2010,0.0,323,215151.807,0.77
Wet mass movement,2010,0.0,3499,215151.807,0.77
Wildfire,2010,0.0,166,215151.807,0.77
All disasters,2011,0.0,41323,221924.562,0.64
All disasters excluding earthquakes,2011,0.0,20377,221924.562,0.64
All disasters excluding extreme temperature,2011,0.0,40670,221924.562,0.64
Drought,2011,0.0,10000,221924.562,0.64
Earthquake,2011,0.0,20946,221924.562,0.64
Extreme temperature,2011,0.0,653,221924.562,0.64
Extreme weather,2011,0.0,3124,221924.562,0.64
Flood,2011,0.0,6279,221924.562,0.64
Volcanic activity,2011,0.0,3,221924.562,0.64
Wet mass movement,2011,0.0,309,221924.562,0.64
Wildfire,2011,0.0,9,221924.562,0.64
All disasters,2012,0.0,9608,225160.415,0.62
All disasters excluding earthquakes,2012,0.0,8897,225160.415,0.62
All disasters excluding extreme temperature,2012,0.0,7988,225160.415,0.62
Drought,2012,0.0,0,225160.415,0.62
Dry mass movement,2012,0.0,16,225160.415,0.62
Earthquake,2012,0.0,711,225160.415,0.62
Extreme temperature,2012,0.0,1620,225160.415,0.62
Extreme weather,2012,0.0,3105,225160.415,0.62
Flood,2012,0.0,3633,225160.415,0.62
Volcanic activity,2012,0.0,0,225160.415,0.62
Wet mass movement,2012,0.0,501,225160.415,0.62
Wildfire,2012,0.0,22,225160.415,0.62
All disasters,2013,0.0,21847,226555.345,0.67
All disasters excluding earthquakes,2013,0.0,20727,226555.345,0.67
All disasters excluding extreme temperature,2013,0.0,19812,226555.345,0.67
Drought,2013,0.0,0,226555.345,0.67
Dry mass movement,2013,0.0,46,226555.345,0.67
Earthquake,2013,0.0,1120,226555.345,0.67
Extreme temperature,2013,0.0,2035,226555.345,0.67
Extreme weather,2013,0.0,8598,226555.345,0.67
Flood,2013,0.0,9778,226555.345,0.67
Volcanic activity,2013,0.0,0,226555.345,0.67
Wet mass movement,2013,0.0,235,226555.345,0.67
Wildfire,2013,0.0,35,226555.345,0.67
All disasters,2014,0.0,7975,227582.198,0.73
All disasters excluding earthquakes,2014,0.0,7201,227582.198,0.73
All disasters excluding extreme temperature,2014,0.0,6807,227582.198,0.73
Drought,2014,0.0,0,227582.198,0.73
Earthquake,2014,0.0,774,227582.198,0.73
Extreme temperature,2014,0.0,1168,227582.198,0.73
Extreme weather,2014,0.0,1432,227582.198,0.73
Flood,2014,0.0,3523,227582.198,0.73
Volcanic activity,2014,0.0,102,227582.198,0.73
Wet mass movement,2014,0.0,960,227582.198,0.73
Wildfire,2014,0.0,16,227582.198,0.73
All disasters,2015,0.0,22879,227612.885,0.8
All disasters excluding earthquakes,2015,0.0,13329,227612.885,0.8
All disasters excluding extreme temperature,2015,0.0,15454,227612.885,0.8
Drought,2015,0.0,35,227612.885,0.8
Dry mass movement,2015,0.0,13,227612.885,0.8
Earthquake,2015,0.0,9550,227612.885,0.8
Extreme temperature,2015,0.0,7425,227612.885,0.8
Extreme weather,2015,0.0,1288,227612.885,0.8
Flood,2015,0.0,3484,227612.885,0.8
Volcanic activity,2015,0.0,0,227612.885,0.8
Wet mass movement,2015,0.0,1006,227612.885,0.8
Wildfire,2015,0.0,78,227612.885,0.8
All disasters,2016,0.0,8395,227618.086,1.05
All disasters excluding earthquakes,2016,0.0,7084,227618.086,1.05
All disasters excluding extreme temperature,2016,0.0,7905,227618.086,1.05
Drought,2016,0.0,0,227618.086,1.05
Earthquake,2016,0.0,1311,227618.086,1.05
Extreme temperature,2016,0.0,490,227618.086,1.05
Extreme weather,2016,0.0,1759,227618.086,1.05
Flood,2016,0.0,4438,227618.086,1.05
Volcanic activity,2016,0.0,0,227618.086,1.05
Wet mass movement,2016,0.0,357,227618.086,1.05
Wildfire,2016,0.0,40,227618.086,1.05
All disasters,2017,0.0,9761,231066.768,0.96
All disasters excluding earthquakes,2017,0.0,8749,231066.768,0.96
All disasters excluding extreme temperature,2017,0.0,9402,231066.768,0.96
Drought,2017,0.0,0,231066.768,0.96
Dry mass movement,2017,0.0,8,231066.768,0.96
Earthquake,2017,0.0,1012,231066.768,0.96
Extreme temperature,2017,0.0,359,231066.768,0.96
Extreme weather,2017,0.0,2543,231066.768,0.96
Flood,2017,0.0,3349,231066.768,0.96
Volcanic activity,2017,0.0,0,231066.768,0.96
Wet mass movement,2017,0.0,2312,231066.768,0.96
Wildfire,2017,0.0,178,231066.768,0.96
All disasters,2018,0.0,11665,235455.96,0.87
All disasters excluding earthquakes,2018,0.0,6604,235455.96,0.87
All disasters excluding extreme temperature,2018,0.0,11068,235455.96,0.87
Drought,2018,0.0,0,235455.96,0.87
Dry mass movement,2018,0.0,17,235455.96,0.87
Earthquake,2018,0.0,5061,235455.96,0.87
Extreme temperature,2018,0.0,597,235455.96,0.87
Extreme weather,2018,0.0,1726,235455.96,0.87
Flood,2018,0.0,2881,235455.96,0.87
Volcanic activity,2018,0.0,914,235455.96,0.87
Wet mass movement,2018,0.0,248,235455.96,0.87
Wildfire,2018,0.0,221,235455.96,0.87
All disasters,2019,0.0,11923,236804.781,0.92
All disasters excluding earthquakes,2019,0.0,11662,236804.781,0.92
All disasters excluding extreme temperature,2019,0.0,8798,236804.781,0.92
Drought,2019,0.0,79,236804.781,0.92
Earthquake,2019,0.0,261,236804.781,0.92
Extreme temperature,2019,0.0,3125,236804.781,0.92
Extreme weather,2019,0.0,2514,236804.781,0.92
Flood,2019,0.0,5074,236804.781,0.92
Volcanic activity,2019,0.0,21,236804.781,0.92
Wet mass movement,2019,0.0,744,236804.781,0.92
Wildfire,2019,0.0,105,236804.781,0.92
All disasters,2020,0.0,15632,224973.704,1.04
All disasters excluding earthquakes,2020,0.0,15436,224973.704,1.04
All disasters excluding extreme temperature,2020,0.0,8999,224973.704,1.04
Drought,2020,0.0,47,224973.704,1.04
Earthquake,2020,0.0,196,224973.704,1.04
Extreme temperature,2020,0.0,6633,224973.704,1.04
Extreme weather,2020,0.0,1758,224973.704,1.04
Flood,2020,0.0,6397,224973.704,1.04
Volcanic activity,2020,0.0,1,224973.704,1.04
Wet mass movement,2020,0.0,514,224973.704,1.04
Wildfire,2020,0.0,86,224973.704,1.04
All disasters,2021,0.0,10525,236484.694,0.87
All disasters excluding earthquakes,2021,0.0,7783,236484.694,0.87
All disasters excluding extreme temperature,2021,0.0,9481,236484.694,0.87
Drought,2021,0.0,4,236484.694,0.87
Earthquake,2021,0.0,2742,236484.694,0.87
Extreme temperature,2021,0.0,1044,236484.694,0.87
Extreme weather,2021,0.0,1893,236484.694,0.87
Flood,2021,0.0,4137,236484.694,0.87
Glacial lake outburst flood,2021,0.0,250,236484.694,0.87
Volcanic activity,2021,0.0,104,236484.694,0.87
Wet mass movement,2021,0.0,224,236484.694,0.87
Wildfire,2021,0.0,127,236484.694,0.87
All disasters,2022,0.0,76100,237679.814,0.91
All disasters excluding earthquakes,2022,0.0,74474,237679.814,0.91
All disasters excluding extreme temperature,2022,0.0,14318,237679.814,0.91
Drought,2022,0.0,2601,237679.814,0.91
Earthquake,2022,0.0,1626,237679.814,0.91
Extreme temperature,2022,0.0,61782,237679.814,0.91
Extreme weather,2022,0.0,1583,237679.814,0.91
Flood,2022,0.0,8011,237679.814,0.91
Glacial lake outburst flood,2022,0.0,11,237679.814,0.91
Volcanic activity,2022,0.0,6,237679.814,0.91
Wet mass movement,2022,0.0,403,237679.814,0.91
Wildfire,2022,0.0,77,237679.814,0.91
